anninhthudo.vn,34966
xaluan.com,8497
vovgiaothong.vn,7705
vtc.vn,6599
24h.com.vn,3686
kienthuc.net.vn,3452
danviet.vn,3346
tienphong.vn,3325
citinews.net,3281
news.vn,2973
news.zing.vn,2738
eva.vn,2369
vov.vn,2362
dantri.com.vn,2274
bizlive.vn,2142
soha.vn,1981
linkhay.com,1947
vnexpress.net,1916
motthegioi.vn,1884
vietnamplus.vn,1684
vitalk.vn,1585
vtv.vn,1448
phapluattp.vn,1362
thanhnien.com.vn,1346
daidoanket.vn,1308
baophapluat.vn,1237
doisongphapluat.com,1229
bongda365.com.vn,1176
vietnamnet.vn,1163
nguoiduatin.vn,1162
kenh14.vn,1148
tuoitre.vn,1117
giadinh.net.vn,990
cand.com.vn,936
afamily.vn,935
cafef.vn,909
thethaovanhoa.vn,900
2sao.vn,888
baogiaothong.vn,885
phunutoday.vn,879
baotintuc.vn,871
nld.com.vn,868
vntinnhanh.vn,795
thanhnien.vn,792
infonet.vn,768
ngoisao.net,759
bongdaplus.vn,757
khampha.vn,740
stockbiz.vn,682
suckhoedoisong.vn,681
baoxaydung.com.vn,679
ktdt.vn,652
cadn.com.vn,631
vietstock.vn,608
qdnd.vn,585
congly.com.vn,577
baodatviet.vn,541
tinnhanhchungkhoan.vn,524
phunuonline.com.vn,489
petrotimes.vn,463
nhandan.com.vn,457
ione.vnexpress.net,451
congan.com.vn,439
baodautu.vn,422
cafebiz.vn,406
baocongthuong.com.vn,399
genk.vn,397
bongdaso.com,368
ictnews.vn,358
ndh.vn,351
thoibaonganhang.vn,350
thethao247.vn,347
tamnhin.net,344
nongnghiep.vn,343
baohaiquan.vn,330
laodong.com.vn,323
phapluatxahoi.vn,299
sggp.org.vn,291
tuyengiao.vn,282
tinhte.vn,281
thethao.vietnamnet.vn,263
baobaovephapluat.vn,261
antt.vn,259
tapchitaichinh.vn,249
giaoduc.net.vn,236
nhipcaudautu.vn,234
thoibaokinhdoanh.vn,226
autopro.com.vn,215
doanhnhansaigon.vn,214
yan.vn,211
thethao.thanhnien.com.vn,208
vneconomy.vn,190
tgvn.com.vn,177
cafeland.vn,175
tapchilamdep.com,173
thesaigontimes.vn,162
enternews.vn,154
thaotin.com,144
kinhdoanhnet.vn,143
thethao360.com.vn,117
baochinhphu.vn,116
