vietnamnet.vn,8805
24h.com.vn,7980
2sao.vn,4986
afamily.vn,4347
autopro.com.vn,2367
baodatviet.vn,4697
baogiaothong.vn,3373
baotintuc.vn,6293
bizlive.vn,6320
cadn.com.vn,3426
cafebiz.vn,3636
cafef.vn,8337
congly.com.vn,4810
daidoanket.vn,10679
dantri.com.vn,21360
danviet.vn,5232
doisongphapluat.com,2444
eva.vn,5287
genk.vn,23059
giadinh.net.vn,7931
giaoduc.net.vn,2294
ictnews.vn,2175
infonet.vn,5002
kenh14.vn,10586
kienthuc.net.vn,8028
news.zing.vn,16098
ngoisao.net,2569
nguoiduatin.vn,8299
nhandan.com.vn,2155
petrotimes.vn,2495
phapluattp.vn,3531
phunuonline.com.vn,2639
phunutoday.vn,2801
soha.vn,8705
suckhoedoisong.vn,4420
thanhnien.com.vn,8845
thethaovanhoa.vn,4986
thoibaonganhang.vn,2282
tienphong.vn,19680
tinhte.vn,3852
tuoitre.vn,8594
vnexpress.net,14860
vtc.vn,8855
vtv.vn,9100
